blues,louisiana.blues
blues,electric.blues
blues,delta.blues
blues,country.blues
blues,piedmont.blues
blues,acoustic.blues
blues,detroit.blues
blues,electric.delta.blues
blues,chicago.blues
blues,blues.piano
childrens.music,nursery.rhymes
childrens.music,lullaby
childrens.music,baby
childrens.music,educational
classical,symphony
classical,chamber.music
classical,opera
classical,string.quartet
classical,choral
classical,orchestral
classical,orchestral.suite
classical,concerto
classical,cantata
classical,sonata
classical,brass.band
classical,march
classical,brass.and.military
classical,military
classical,marching.band
classical,second.line
classical,neoclassical
classical,early.baroque
classical,baroque
classical,baroque.era
classical,baroque.music
classical,late.baroque
classical,early.romantic
classical,romantic
classical,romanticism
classical,romantic.era
classical,romantic.music
classical,late.romantic
classical,classical.era
classical,contemporary.era
classical,modern.era
classical,postmodern.era
classical,medieval
classical,medieval.era
classical,medieval.music
classical,renaissance
classical,neoromantic
classical,neo.romantic
classical,renaissance.era
classical,renaissance.music
classical,10th.century
classical,11th.century
classical,12th.century
classical,13th.century
classical,14th.century
classical,15th.century
classical,16thcentury
classical,17th.century
classical,18th.century
classical,19th.entury
classical,classical.crossover
classical,classical.guitar
classical,classical.piano
classical,period.instruments
classical,fortepiano
classical,piano.sonata
classical,piano.concerto
classical,violin.concerto
classical,violin.sonata
classical,cello.concerto
classical,cello.solo
classical,oboe.concerto
classical,bassoon.concerto
classical,flute.concerto
classical,clarinet.concerto
classical,oratorio
classical,madrigal
classical,ars.nova
classical,trecento
classical,caccia
classical,ballata
classical,reductionism
classical,wandelweiser
classical,lied
classical,baritone.solo
classical,vocal.symphony
classical,gregorian.chant
classical,ambrosian
classical,plainchant
classical,mass
classical,requiem
classical,gallican.chant
classical,antiphon
classical,twelvetone
classical,impressionist
classical,suite
classical,ballet
classical,serialism
classical,soprano
classical,mezzo.soprano
classical,indeterminacy
classical,aria
country,urban.cowboy
country,honky.tonk
country,western.swing
country,country.blues
country,country.gospel
electronic,electronic
electronic,dance
electronic,drum.and.bass
electronic,jungle
electronic,drill.and.bass
electronic,atmospheric.drum.and.bass
electronic,disco
electronic,nu.disco
electronic,dark.disco
electronic,indie.disco
electronic,italo.disco
electronic,eurodisco
electronic,dubstep
electronic,trip.hop
electronic,downtempo
electronic,ambient
electronic,breaks
electronic,indie.dance
electronic,electro
electronic,idm
electronic,juke
electronic,footwork
electronic,garage
electronic,speed.garage
electronic,uk.garage
electronic,future.garage
electronic,hardcore.dance
electronic,bass
electronic,uk.bass
electronic,future.bass
electronic,miami.bass
electronic,global.bass
electronic,breakbeat
electronic,bass.music
electronic,acid
electronic,industrial
electronic,gabber
electronic,happy.hardcore
electronic,breakcore
electronic,speedcore
electronic,baile.funk
electronic,club
electronic,neurofunk
electronic,modular
electronic,ebm
electronic,edm
electronic,freetekno
electronic,hardtek
electronic,synthwave
electronic,vaporwave
electronic,dark.synthwave
electronic,chillwave
electronic,retrowave
electronic,darkwave
electronic,barber.beats
electronic,plunderphonics
electronic,sound.collage
electronic,chiptune
electronic,8bit
electronic,bassline
electronic,acid.breaks
electronic,hardcore.breaks
electronic,future.funk
electronic,2.step
electronic,techstep
electronic,eurodance
electronic,italodance
electronic,hi.nrg
electronic,hands.up
electronic,future.jazz
electronic,acid.jazz
electronic,nu.jazz
electronic,future.jazzfunk
electronic,illbient
electronic,big.beat
electronic,turntablism
electronic,wonky
electronic,glitch.hop
electronic,ambient.dub
electronic,tekno
electronic,psychill
electronic,psydub
electronic,psybass
electronic,psyglitch
electronic,drumstep
electronic,halftime
electronic,neurohop
electronic,broken.beat
electronic,turntablism
electronic,scratch
electronic,dj.battle.tool
electronic,dj.tool
electronic,dj
electronic,cutup
electronic,beats
electronic,future.beats
electronic,gqom
electronic,uk.funky
electronic,deconstructed.club
electronic,post.club
electronic,afrotech
electronic,digital.hardcore
electronic,indietronica
electronic,nu.rave
electronic,skweee
electronic,big.room
electronic,ghettotech
electronic,futurepop
electronic,electro.punk
electronic,dance.punk
electronic,electro.industrial
electronic,post.industrial
electronic,aggrotech
electronic,dungeon.synth
electronic,modular.synth
house,melodic.house.and.techno
melodic.house,melodic.house.and.techno
folk,freak.folk
folk,american.primitive
folk,outsider.folk
folk,neofolk
folk,dark.folk
folk,pagan.folk
folk,folk.song
folk,neo.pagan.folk
folk,traditional.folk
folk,progressive.folk
folk,americana
folk,bluegrass
folk,appalachian
folk,contemporary.folk
folk,psychedelic.folk
folk,avant.folk
folk,anti.folk
folk,sea.shanties
folk,maritime
folk,folk.pop
hip.hop,rap
hip.hop,turntablism
hip.hop,beatbox
hip.hop,boom.bap
hip.hop,gangsta
hip.hop,thug
hip.hop,gfunk
hip.hop,rap.rock
hip.hop,rapcore
hip.hop,screw
hip.hop,chopped.and.screwed
jazz,dixieland
jazz,dixie
jazz,bop
jazz,bebop
jazz,hard.bop
jazz,neo.bop
jazz,post.bop
jazz,ragtime
jazz,jazz.funk
jazz,jazz.orchestra
jazz,jazz.fusion
jazz,jazz.funk
jazz,free.improvisation
jazz,jazz.instrument
jazz,jazz.classical
jazz,jazz.rock
jazz,modal
lounge,big.band
lounge,swing
lounge,swingbigband
lounge,standards
lounge,easy.listening
lounge,oldies
lounge,traditional.pop
lounge,swing.big.band
metal,grindcore
metal,metalcore
metal,noisecore
metal,thrashcore
metal,deathcore
metal,progressive.deathcore
metal,goregrind
metal,nwobhm
metal,nwothm
metal,djent
black.metal,atmospheric.black.metal
black.metal,melodic.black.metal
black.metal,symphonic.black.metal 
black.metal,pagan.black.metal
black.metal,raw.black.metal
black.metal,depressive.black.metal
black.metal,post.black.metal
death.metal,brutal.death.metal
death.metal,progressive.death.metal
death.metal,melodic.death.metal
death.metal,old.school.death.metal
death.metal,technical.death.metal
doom.metal,blackened.doom.metal
doom.metal,traditional.doom.metal
heavy.metal,traditional.heavy.metal
sludge.metal,blackened.sludge.metal
thrash.metal,technical.thrash.metal
noise,japanese.noise
noise,power.noise
noise,rhythmic.noise
noise,power.electronics
noise,harsh
noise,harsh.noise
noise,harsh.noise.wall
noise,death.industrial
non.music,spoken.word
non.music,stand.up
non.music,special.effects
non.music,movie.effects
non.music,special.effects
non.music,foley
non.music,poetry
non.music,birds
non.music,bird.songs
non.music,bird.sounds
non.music,bird.calls
non.music,nature
non.music,ocean
non.music,waves
non.music,rain
non.music,thunder
non.music,fire
non.music,animal.sounds
non.music,whale.song
non.music,whales
non.music,frogs
non.music,insects
pop,europop
pop,worldbeat
pop,teen.pop
pop,boy.band
pop,pop.rap
punk.ska,seapunk
punk.ska,streetpunk
punk.ska,mathcore
punk.ska,fastcore
punk.ska,cowpunk
punk.ska,new.york.hardcore
punk.ska,d.beat
punk.ska,powerviolence
punk.ska,emoviolence
punk.ska,ska
punk.ska,skacore
punk.ska,anti.folk
punk.ska,oi
punk.ska,straightedge
punk.ska,straightedge.hardcore
punk.ska,neocrust
rock,alternative.rock
rock,alternative.pop
rock,indie
rock,indie.pop
rock,emo
rock,funk
rock,britpop
rock,post.hardcore
rock,post.punk
rock,contemporary.post.punk
rock,krautrock
rock,heavy.psychedelic
rock,psychedelic.pop
rock,shoegaze
rock,dream.pop
rock,slowcore
rock,no.wave
rock,heavy.psych
rock,zamrock
rock,roots.reggae
rock,reggae
rock,post.hardcore
rock,grunge
rock,hair.metal
rock,screamo
rock,synthpop
rock,rockabilly
rock,rock.and.roll
rock,jam.band
rock,jamgrass
rock,doomgaze
rock,jrock
rock,twee
rock,jangle.pop
rock,guitar.pop
rock,twee.pop
rock,retro.pop
rock,riot.grrrl
rock,rock.alternativo
rock,gypsy.punk
rock,chamber.pop
rock,acoustic.indie
rock,acoustic.pop
rock,power.pop
rock,pop.rock
rock,new.wave
rock,rock.opera
rock,visual.kei
rock,kosmische
rock,neue.deutsche.welle
rythym.and.blues,soul
rythym.and.blues,soul.funk
rythym.and.blues,funk.and.soul
rythym.and.blues,southern.soul
rythym.and.blues,alternative.rhythm.and.blues
rythym.and.blues,contemporary.rhythm.and.blues
rythym.and.blues,dusties
rythym.and.blues,doo.wop
rythym.and.blues,gospel
soundtrack,bollywood
soundtrack,nollywood
soundtrack,stage.and.screen
soundtrack,score
soundtrack,world.cinema
soundtrack,bandes.originales.de.films
soundtrack,film
soundtrack,video.game
soundtrack,film.soundtrack
soundtrack,cinema.music
soundtrack,musical
soundtrack,cartoon
soundtrack,disney
world.music,ethnomusicology
world.music,ethnographic
world.music,ethno.graphic
world.music,worldbeat
world.music,world.fusion
world.music,world.cinema
world.music,native.american
world.music,native.american.flute
world.music,native.american.music
world.music,powwow.music
world.music,pow.wow
world.music,indigenous.american.music
world.music,indigenous.american.traditional.music
world.music,indigenous.north.american.music
world.music,inuit
world.music,inuit.vocal.games
world.music,iroquois
world.music,southern.plains
world.music,northern.plains
world.music,yurok
world.music,cherokee
world.music,seneca
world.music,san.juan.pueblo
world.music,american.indian
world.music,navajo
world.music,northern.arapaho
world.music,lakota
world.music,cajun
world.music,reggaeton
world.music,reggae
world.music,roots.reggae
world.music,reggae.pop
world.music,dancehall
world.music,rocksteady
world.music,gwoka
world.music,south.american
world.music,central.american
world.music,latin
world.music,forro
world.music,northeastern.brazilian
world.music,salsa
world.music,samba
world.music,mambo
world.music,merengue
world.music,rumba
world.music,tango
world.music,electro.tango
world.music,dembow
world.music,urban.latin
world.music,corrido
world.music,norteno
world.music,afro.cuban
world.music,bolero
world.music,vallenato
world.music,bossa.nova
world.music,mpb
world.music,trova
world.music,guaracha
world.music,guajira
world.music,guaguanco
world.music,guaguanc
world.music,cuban.son
world.music,cumbia
world.music,cumbia.peruana
world.music,digital.cumbia
world.music,nu.cumbia
world.music,cumbia.ecuatoriana
world.music,mariachi
world.music,cubano
world.music,flamenco
world.music,porro
world.music,latin.jazz
world.music,calypso
world.music,ranchera
world.music,pachanga
world.music,banda
world.music,nueva.cancion
world.music,corridos
world.music,copla
world.music,descarga
world.music,kichwa
world.music,quechua
world.music,pan.flute
world.music,zouk
world.music,bomba
world.music,charanga
world.music,texmex
world.music,pop.latino
world.music,chicha
world.music,bachata
world.music,chicha
world.music,conjunto
world.music,andean
world.music,andean.folk
world.music,andean.beat
world.music,andean.music
world.music,champeta
world.music,sonero
world.music,son 
world.music,cuatro
world.music,batucada
world.music,carimbo
world.music,amazonia
world.music,cha.cha
world.music,cha.cha.cha
world.music,chacha
world.music,latin.rap
world.music,conjunto
world.music,african
world.music,african.music
world.music,west.african
world.music,northeastern.african.music
world.music,central.african
world.music,west.african.music
world.music,north.african.music
world.music,afrobeat
world.music,afro.rock
world.music,afropop
world.music,afrofolk
world.music,afrobeats
world.music,afrofusion
world.music,afro.jazz
world.music,afro.funk
world.music,african.blues
world.music,bambara
world.music,highlife
world.music,yoruba
world.music,amapiano
world.music,kora
world.music,bambara
world.music,kwaito
world.music,desert.blues
world.music,saharan
world.music,soukous
world.music,bongo.flava
world.music,kwaito
world.music,ethio.jazz
world.music,ethio.funk
world.music,egyptian.jazz
world.music,egyptian.funk
world.music,mande.music
world.music,juju
world.music,tizita
world.music,afro.latin
world.music,afro.cuban.jazz
world.music,qaraami
world.music,somaliland
world.music,assouf
world.music,sahrawi
world.music,sahrawi.music
world.music,berber
world.music,berber.music
world.music,oud
world.music,sufi
world.music,sufi.music
world.music,global.rare.groove
world.music,tishoumaren
world.music,tuareg.music
world.music,tuareg
world.music,tamasheq
world.music,sahel.sounds
world.music,kuduro
world.music,nubian
world.music,nubian.music
world.music,beja
world.music,tambour
world.music,zar
world.music,wolof
world.music,wolof.music
world.music,griot
world.music,zamrock
world.music,malian.tradition
world.music,fon.music
world.music,fula
world.music,nollywood
world.music,middle.eastern
world.music,arabic
world.music,arabic.folk.music
world.music,persian
world.music,persian.classical
world.music,persian.pop
world.music,tel.aviv.yafo
world.music,farsi
world.music,islamica
world.music,indian
world.music,indian.classical
world.music,indian.pop
world.music,hindustani
world.music,mugham
world.music,bollywood
world.music,hindi
world.music,tamil
world.music,panjabi
world.music,punjabi.pop
world.music,regional.indian
world.music,telugu
world.music,sitar
world.music,carnatic
world.music,carnatic.classical.music
world.music,gujarati
world.music,malayalam
world.music,indo.jazz
world.music,bhajan
world.music,hindustani.classical
world.music,dhrupad
world.music,raga
world.music,hindustani.classical.music
world.music,khyal
world.music,tabla
world.music,south.indian
world.music,north.indian
world.music,bhangra
world.music,indian.subcontinent
world.music,urdu
world.music,nordic.folk
world.music,scandinavian.folk
world.music,scandinavian
world.music,nyckelharpa
world.music,chanson
world.music,laika
world.music,fado
world.music,yiddish
world.music,jewish
world.music,hasidic
world.music,hebrew
world.music,klezmer
world.music,gypsy
world.music,nepzene
world.music,balkan
world.music,alpine
world.music,dansband
world.music,gammeldans
world.music,irish.folk
world.music,celtic
world.music,celtic.folk
world.music,english.folk
world.music,romani.folk.music
world.music,scottish.folk
world.music,bagpipe
world.music,roma
world.music,romani
world.music,tamburica
world.music,balkan.folk.music
world.music,kaval
world.music,mediterranean
world.music,polka
world.music,yodeling
world.music,schlager.and.volksmusik
world.music,schlager
world.music,neue.deutsche.welle
world.music,volksmusik
world.music,bavarian
world.music,rebetiko
world.music,ye.ye
world.music,nederlandstalig
world.music,austropop
world.music,french.pop
world.music,frenchpop
world.music,anison
world.music,asian
world.music,aboriginal
world.music,kpop
world.music,krock
world.music,jpop
world.music,doujin
world.music,touhou
world.music,digital.jpop
world.music,korean.hip.hop
world.music,kayokyoku
world.music,city.pop
world.music,enka
world.music,visual.kei
world.music,shibuya.kei
world.music,kayokyoku
world.music,mandopop
world.music,cantopop
world.music,abkhazian
world.music,afghan
world.music,albanian
world.music,algerian
world.music,american.samoan
world.music,andorran
world.music,angolan
world.music,anguillan
world.music,antarctic
world.music,argentinian
world.music,armenian
world.music,aruban
world.music,azerbaijani
world.music,bahamian
world.music,bahraini
world.music,balinese
world.music,bangladeshi
world.music,barbadian
world.music,belarusian
world.music,belizean
world.music,beninese
world.music,bermudian
world.music,bhutanese
world.music,bissau.guinean
world.music,bolivian
world.music,bosnian
world.music,brazilian
world.music,bruneian
world.music,bulgarian
world.music,burkinabe
world.music,burmese
world.music,burundian
world.music,cambodian
world.music,cameroonian
world.music,cape.verdean
world.music,catalan
world.music,chadian
world.music,chilean
world.music,chinese
world.music,colombian
world.music,comoron
world.music,congolese
world.music,cornish
world.music,costa.rican
world.music,croatian
world.music,cuban
world.music,cypriot
world.music,czech
world.music,dominican
world.music,ecuadorian
world.music,egyptian
world.music,equatorial.guinean
world.music,eritrean
world.music,estonian
world.music,ethiopian
world.music,fijian
world.music,filipino
world.music,french.guianese
world.music,gabonese
world.music,galician
world.music,gambian
world.music,ghanaian
world.music,guatemalan
world.music,guinean
world.music,haitian
world.music,honduran
world.music,hungarian
world.music,indian
world.music,indonesian
world.music,iranian
world.music,iraqi
world.music,irish
world.music,israeli
world.music,ivorian
world.music,jamaican
world.music,japanese
world.music,jordanian
world.music,kazakh
world.music,kenyan
world.music,korean
world.music,kurdish
world.music,kuwaiti
world.music,latvian
world.music,lebanese
world.music,liberian
world.music,libyan
world.music,lithuanian
world.music,malagasy
world.music,malawian
world.music,malayan
world.music,malian
world.music,manx
world.music,mexican
world.music,mongolian
world.music,nepali
world.music,nigerian
world.music,oceanian
world.music,omani
world.music,pakistani
world.music,palestinian
world.music,peruvian
world.music,puerto.rican
world.music,romanian
world.music,rwandan
world.music,salvadoran
world.music,samoan
world.music,saudi
world.music,scottish
world.music,senegalese
world.music,serbian
world.music,seychellois
world.music,singaporean
world.music,slovak
world.music,slovenian
world.music,somali
world.music,south.african
world.music,south.sudanese
world.music,soviet
world.music,sri.lankan
world.music,sudanese
world.music,syrian
world.music,taiwanese
world.music,thai
world.music,timorese
world.music,togolese
world.music,tongan
world.music,transylvanian
world.music,tunisian
world.music,turkish
world.music,ugandan
world.music,ukrainian
world.music,uruguayan
world.music,vietnamese
world.music,welsh
world.music,west.indian
world.music,yemeni
world.music,yugoslav
world.music,zairean
world.music,zambian
world.music,zanzibari
world.music,zimbabwean